area_code	fips_state	fips_county	area_title	period	labor_force	employed	unemployed	unemployed_rate	fips	fips_ssamatab1
CN0600100000000	06	001	Alameda County, CA	2016-01-01	825565.0	789959.0	35606.0	4.3	06001	06001
CN0600300000000	06	003	Alpine County, CA	2016-01-01	672.0	636.0	36.0	5.4	06003	06003
CN0600500000000	06	005	Amador County, CA	2016-01-01	14174.0	13237.0	937.0	6.6	06005	06005
CN0600700000000	06	007	Butte County, CA	2016-01-01	101597.0	94191.0	7406.0	7.3	06007	06007
CN0600900000000	06	009	Calaveras County, CA	2016-01-01	20268.0	18985.0	1283.0	6.3	06009	06009
CN0601100000000	06	011	Colusa County, CA	2016-01-01	10897.0	8462.0	2435.0	22.3	06011	06011
CN0601300000000	06	013	Contra Costa County, CA	2016-01-01	549909.0	524952.0	24957.0	4.5	06013	06013
CN0601500000000	06	015	Del Norte County, CA	2016-01-01	9888.0	9024.0	864.0	8.7	06015	06015
CN0601700000000	06	017	El Dorado County, CA	2016-01-01	89195.0	84353.0	4842.0	5.4	06017	06017
CN0601900000000	06	019	Fresno County, CA	2016-01-01	442359.0	395908.0	46451.0	10.5	06019	06019
CN0602100000000	06	021	Glenn County, CA	2016-01-01	13339.0	12083.0	1256.0	9.4	06021	06021
CN0602300000000	06	023	Humboldt County, CA	2016-01-01	62018.0	58537.0	3481.0	5.6	06023	06023
CN0602500000000	06	025	Imperial County, CA	2016-01-01	78518.0	62389.0	16129.0	20.5	06025	06025
CN0602700000000	06	027	Inyo County, CA	2016-01-01	9090.0	8536.0	554.0	6.1	06027	06027
CN0602900000000	06	029	Kern County, CA	2016-01-01	395202.0	352686.0	42516.0	10.8	06029	06029
CN0603100000000	06	031	Kings County, CA	2016-01-01	58229.0	51621.0	6608.0	11.3	06031	06031
CN0603300000000	06	033	Lake County, CA	2016-01-01	28834.0	26596.0	2238.0	7.8	06033	06033
CN0603500000000	06	035	Lassen County, CA	2016-01-01	10988.0	10075.0	913.0	8.3	06035	06035
CN0603700000000	06	037	Los Angeles County, CA	2016-01-01	4993511.0	4707021.0	286490.0	5.7	06037	06037
CN0603900000000	06	039	Madera County, CA	2016-01-01	62289.0	55963.0	6326.0	10.2	06039	06039
CN0604100000000	06	041	Marin County, CA	2016-01-01	141146.0	136580.0	4566.0	3.2	06041	06041
CN0604300000000	06	043	Mariposa County, CA	2016-01-01	7424.0	6752.0	672.0	9.1	06043	06043
CN0604500000000	06	045	Mendocino County, CA	2016-01-01	39715.0	37221.0	2494.0	6.3	06045	06045
CN0604700000000	06	047	Merced County, CA	2016-01-01	114162.0	99656.0	14506.0	12.7	06047	06047
CN0604900000000	06	049	Modoc County, CA	2016-01-01	3123.0	2801.0	322.0	10.3	06049	06049
CN0605100000000	06	051	Mono County, CA	2016-01-01	9008.0	8564.0	444.0	4.9	06051	06051
CN0605300000000	06	053	Monterey County, CA	2016-01-01	212573.0	188760.0	23813.0	11.2	06053	06053
CN0605500000000	06	055	Napa County, CA	2016-01-01	73590.0	70036.0	3554.0	4.8	06055	06055
CN0605700000000	06	057	Nevada County, CA	2016-01-01	48999.0	46498.0	2501.0	5.1	06057	06057
CN0605900000000	06	059	Orange County, CA	2016-01-01	1595024.0	1531265.0	63759.0	4.0	06059	06059
CN0606100000000	06	061	Placer County, CA	2016-01-01	178174.0	169941.0	8233.0	4.6	06061	06061
CN0606300000000	06	063	Plumas County, CA	2016-01-01	7646.0	6592.0	1054.0	13.8	06063	06063
CN0606500000000	06	065	Riverside County, CA	2016-01-01	1040990.0	979386.0	61604.0	5.9	06065	06065
CN0606700000000	06	067	Sacramento County, CA	2016-01-01	688631.0	650602.0	38029.0	5.5	06067	06067
CN0606900000000	06	069	San Benito County, CA	2016-01-01	29909.0	27549.0	2360.0	7.9	06069	06069
CN0607100000000	06	071	San Bernardino County, CA	2016-01-01	932133.0	879261.0	52872.0	5.7	06071	06071
CN0607300000000	06	073	San Diego County, CA	2016-01-01	1564039.0	1490051.0	73988.0	4.7	06073	06073
CN0607500000000	06	075	San Francisco County/city, CA	2016-01-01	552047.0	533663.0	18384.0	3.3	06075	06075
CN0607700000000	06	077	San Joaquin County, CA	2016-01-01	315863.0	287725.0	28138.0	8.9	06077	06077
CN0607900000000	06	079	San Luis Obispo County, CA	2016-01-01	142458.0	136166.0	6292.0	4.4	06079	06079
CN0608100000000	06	081	San Mateo County, CA	2016-01-01	444812.0	431328.0	13484.0	3.0	06081	06081
CN0608300000000	06	083	Santa Barbara County, CA	2016-01-01	218226.0	205681.0	12545.0	5.7	06083	06083
CN0608500000000	06	085	Santa Clara County, CA	2016-01-01	1024921.0	986573.0	38348.0	3.7	06085	06085
CN0608700000000	06	087	Santa Cruz County, CA	2016-01-01	142356.0	129592.0	12764.0	9.0	06087	06087
CN0608900000000	06	089	Shasta County, CA	2016-01-01	75063.0	69076.0	5987.0	8.0	06089	06089
CN0609100000000	06	091	Sierra County, CA	2016-01-01	1302.0	1174.0	128.0	9.8	06091	06091
CN0609300000000	06	093	Siskiyou County, CA	2016-01-01	17659.0	15603.0	2056.0	11.6	06093	06093
CN0609500000000	06	095	Solano County, CA	2016-01-01	207278.0	195428.0	11850.0	5.7	06095	06095
CN0609700000000	06	097	Sonoma County, CA	2016-01-01	259233.0	248102.0	11131.0	4.3	06097	06097
CN0609900000000	06	099	Stanislaus County, CA	2016-01-01	242116.0	219453.0	22663.0	9.4	06099	06099
CN0610100000000	06	101	Sutter County, CA	2016-01-01	44049.0	38988.0	5061.0	11.5	06101	06101
CN0610300000000	06	103	Tehama County, CA	2016-01-01	24813.0	22810.0	2003.0	8.1	06103	06103
CN0610500000000	06	105	Trinity County, CA	2016-01-01	5129.0	4672.0	457.0	8.9	06105	06105
CN0610700000000	06	107	Tulare County, CA	2016-01-01	204106.0	179045.0	25061.0	12.3	06107	06107
CN0610900000000	06	109	Tuolumne County, CA	2016-01-01	21530.0	19959.0	1571.0	7.3	06109	06109
CN0611100000000	06	111	Ventura County, CA	2016-01-01	427327.0	404527.0	22800.0	5.3	06111	06111
CN0611300000000	06	113	Yolo County, CA	2016-01-01	103980.0	97044.0	6936.0	6.7	06113	06113
CN0611500000000	06	115	Yuba County, CA	2016-01-01	28078.0	25343.0	2735.0	9.7	06115	06115
CN0600100000000	06	001	Alameda County, CA	2016-02-01	827551.0	792314.0	35237.0	4.3	06001	06001
CN0600300000000	06	003	Alpine County, CA	2016-02-01	670.0	635.0	35.0	5.2	06003	06003
CN0600500000000	06	005	Amador County, CA	2016-02-01	14357.0	13436.0	921.0	6.4	06005	06005
CN0600700000000	06	007	Butte County, CA	2016-02-01	101649.0	94388.0	7261.0	7.1	06007	06007
CN0600900000000	06	009	Calaveras County, CA	2016-02-01	20296.0	19066.0	1230.0	6.1	06009	06009
CN0601100000000	06	011	Colusa County, CA	2016-02-01	11060.0	8697.0	2363.0	21.4	06011	06011
CN0601300000000	06	013	Contra Costa County, CA	2016-02-01	551117.0	526564.0	24553.0	4.5	06013	06013
CN0601500000000	06	015	Del Norte County, CA	2016-02-01	9899.0	9049.0	850.0	8.6	06015	06015
CN0601700000000	06	017	El Dorado County, CA	2016-02-01	89329.0	84589.0	4740.0	5.3	06017	06017
CN0601900000000	06	019	Fresno County, CA	2016-02-01	444027.0	397665.0	46362.0	10.4	06019	06019
CN0602100000000	06	021	Glenn County, CA	2016-02-01	13366.0	12163.0	1203.0	9.0	06021	06021
CN0602300000000	06	023	Humboldt County, CA	2016-02-01	62411.0	59079.0	3332.0	5.3	06023	06023
CN0602500000000	06	025	Imperial County, CA	2016-02-01	77828.0	62409.0	15419.0	19.8	06025	06025
CN0602700000000	06	027	Inyo County, CA	2016-02-01	9094.0	8554.0	540.0	5.9	06027	06027
CN0602900000000	06	029	Kern County, CA	2016-02-01	395140.0	351840.0	43300.0	11.0	06029	06029
CN0603100000000	06	031	Kings County, CA	2016-02-01	58405.0	51789.0	6616.0	11.3	06031	06031
CN0603300000000	06	033	Lake County, CA	2016-02-01	29146.0	26990.0	2156.0	7.4	06033	06033
CN0603500000000	06	035	Lassen County, CA	2016-02-01	10793.0	9892.0	901.0	8.3	06035	06035
CN0603700000000	06	037	Los Angeles County, CA	2016-02-01	5033790.0	4762391.0	271399.0	5.4	06037	06037
CN0603900000000	06	039	Madera County, CA	2016-02-01	62488.0	56310.0	6178.0	9.9	06039	06039
CN0604100000000	06	041	Marin County, CA	2016-02-01	141768.0	137227.0	4541.0	3.2	06041	06041
CN0604300000000	06	043	Mariposa County, CA	2016-02-01	7355.0	6724.0	631.0	8.6	06043	06043
CN0604500000000	06	045	Mendocino County, CA	2016-02-01	39789.0	37438.0	2351.0	5.9	06045	06045
CN0604700000000	06	047	Merced County, CA	2016-02-01	115527.0	101065.0	14462.0	12.5	06047	06047
CN0604900000000	06	049	Modoc County, CA	2016-02-01	3131.0	2814.0	317.0	10.1	06049	06049
CN0605100000000	06	051	Mono County, CA	2016-02-01	8992.0	8549.0	443.0	4.9	06051	06051
CN0605300000000	06	053	Monterey County, CA	2016-02-01	213438.0	190333.0	23105.0	10.8	06053	06053
CN0605500000000	06	055	Napa County, CA	2016-02-01	74554.0	71206.0	3348.0	4.5	06055	06055
CN0605700000000	06	057	Nevada County, CA	2016-02-01	49023.0	46580.0	2443.0	5.0	06057	06057
CN0605900000000	06	059	Orange County, CA	2016-02-01	1607288.0	1543377.0	63911.0	4.0	06059	06059
CN0606100000000	06	061	Placer County, CA	2016-02-01	178527.0	170388.0	8139.0	4.6	06061	06061
CN0606300000000	06	063	Plumas County, CA	2016-02-01	7691.0	6636.0	1055.0	13.7	06063	06063
CN0606500000000	06	065	Riverside County, CA	2016-02-01	1041091.0	979645.0	61446.0	5.9	06065	06065
CN0606700000000	06	067	Sacramento County, CA	2016-02-01	689555.0	652296.0	37259.0	5.4	06067	06067
CN0606900000000	06	069	San Benito County, CA	2016-02-01	30036.0	27716.0	2320.0	7.7	06069	06069
CN0607100000000	06	071	San Bernardino County, CA	2016-02-01	932595.0	880190.0	52405.0	5.6	06071	06071
CN0607300000000	06	073	San Diego County, CA	2016-02-01	1567077.0	1493791.0	73286.0	4.7	06073	06073
CN0607500000000	06	075	San Francisco County/city, CA	2016-02-01	553548.0	535469.0	18079.0	3.3	06075	06075
CN0607700000000	06	077	San Joaquin County, CA	2016-02-01	317038.0	289352.0	27686.0	8.7	06077	06077
CN0607900000000	06	079	San Luis Obispo County, CA	2016-02-01	144376.0	138158.0	6218.0	4.3	06079	06079
CN0608100000000	06	081	San Mateo County, CA	2016-02-01	446225.0	432783.0	13442.0	3.0	06081	06081
CN0608300000000	06	083	Santa Barbara County, CA	2016-02-01	220410.0	208169.0	12241.0	5.6	06083	06083
CN0608500000000	06	085	Santa Clara County, CA	2016-02-01	1030146.0	991695.0	38451.0	3.7	06085	06085
CN0608700000000	06	087	Santa Cruz County, CA	2016-02-01	143283.0	130678.0	12605.0	8.8	06087	06087
CN0608900000000	06	089	Shasta County, CA	2016-02-01	74054.0	68318.0	5736.0	7.7	06089	06089
CN0609100000000	06	091	Sierra County, CA	2016-02-01	1301.0	1174.0	127.0	9.8	06091	06091
CN0609300000000	06	093	Siskiyou County, CA	2016-02-01	17620.0	15640.0	1980.0	11.2	06093	06093
CN0609500000000	06	095	Solano County, CA	2016-02-01	207795.0	196215.0	11580.0	5.6	06095	06095
CN0609700000000	06	097	Sonoma County, CA	2016-02-01	261151.0	250424.0	10727.0	4.1	06097	06097
CN0609900000000	06	099	Stanislaus County, CA	2016-02-01	242199.0	219593.0	22606.0	9.3	06099	06099
CN0610100000000	06	101	Sutter County, CA	2016-02-01	44419.0	39227.0	5192.0	11.7	06101	06101
CN0610300000000	06	103	Tehama County, CA	2016-02-01	24552.0	22622.0	1930.0	7.9	06103	06103
CN0610500000000	06	105	Trinity County, CA	2016-02-01	5154.0	4713.0	441.0	8.6	06105	06105
CN0610700000000	06	107	Tulare County, CA	2016-02-01	204554.0	179739.0	24815.0	12.1	06107	06107
CN0610900000000	06	109	Tuolumne County, CA	2016-02-01	21728.0	20226.0	1502.0	6.9	06109	06109
CN0611100000000	06	111	Ventura County, CA	2016-02-01	432237.0	410154.0	22083.0	5.1	06111	06111
CN0611300000000	06	113	Yolo County, CA	2016-02-01	104181.0	97377.0	6804.0	6.5	06113	06113
CN0611500000000	06	115	Yuba County, CA	2016-02-01	28073.0	25415.0	2658.0	9.5	06115	06115
CN0600100000000	06	001	Alameda County, CA	2016-03-01	826795.0	791424.0	35371.0	4.3	06001	06001
CN0600300000000	06	003	Alpine County, CA	2016-03-01	653.0	617.0	36.0	5.5	06003	06003
CN0600500000000	06	005	Amador County, CA	2016-03-01	14508.0	13576.0	932.0	6.4	06005	06005
CN0600700000000	06	007	Butte County, CA	2016-03-01	101154.0	93917.0	7237.0	7.2	06007	06007
CN0600900000000	06	009	Calaveras County, CA	2016-03-01	20446.0	19174.0	1272.0	6.2	06009	06009
CN0601100000000	06	011	Colusa County, CA	2016-03-01	11046.0	8793.0	2253.0	20.4	06011	06011
CN0601300000000	06	013	Contra Costa County, CA	2016-03-01	550927.0	526097.0	24830.0	4.5	06013	06013
CN0601500000000	06	015	Del Norte County, CA	2016-03-01	9900.0	9062.0	838.0	8.5	06015	06015
CN0601700000000	06	017	El Dorado County, CA	2016-03-01	89501.0	84716.0	4785.0	5.3	06017	06017
CN0601900000000	06	019	Fresno County, CA	2016-03-01	445477.0	398374.0	47103.0	10.6	06019	06019
CN0602100000000	06	021	Glenn County, CA	2016-03-01	13402.0	12158.0	1244.0	9.3	06021	06021
CN0602300000000	06	023	Humboldt County, CA	2016-03-01	62399.0	59087.0	3312.0	5.3	06023	06023
CN0602500000000	06	025	Imperial County, CA	2016-03-01	77585.0	62161.0	15424.0	19.9	06025	06025
CN0602700000000	06	027	Inyo County, CA	2016-03-01	9071.0	8556.0	515.0	5.7	06027	06027
CN0602900000000	06	029	Kern County, CA	2016-03-01	388940.0	343827.0	45113.0	11.6	06029	06029
CN0603100000000	06	031	Kings County, CA	2016-03-01	58179.0	51582.0	6597.0	11.3	06031	06031
CN0603300000000	06	033	Lake County, CA	2016-03-01	29136.0	27019.0	2117.0	7.3	06033	06033
CN0603500000000	06	035	Lassen County, CA	2016-03-01	10621.0	9746.0	875.0	8.2	06035	06035
CN0603700000000	06	037	Los Angeles County, CA	2016-03-01	5031990.0	4767837.0	264153.0	5.2	06037	06037
CN0603900000000	06	039	Madera County, CA	2016-03-01	61329.0	54911.0	6418.0	10.5	06039	06039
CN0604100000000	06	041	Marin County, CA	2016-03-01	142153.0	137602.0	4551.0	3.2	06041	06041
CN0604300000000	06	043	Mariposa County, CA	2016-03-01	7420.0	6774.0	646.0	8.7	06043	06043
CN0604500000000	06	045	Mendocino County, CA	2016-03-01	40177.0	37780.0	2397.0	6.0	06045	06045
CN0604700000000	06	047	Merced County, CA	2016-03-01	115334.0	100990.0	14344.0	12.4	06047	06047
CN0604900000000	06	049	Modoc County, CA	2016-03-01	3184.0	2869.0	315.0	9.9	06049	06049
CN0605100000000	06	051	Mono County, CA	2016-03-01	8775.0	8340.0	435.0	5.0	06051	06051
CN0605300000000	06	053	Monterey County, CA	2016-03-01	214676.0	192245.0	22431.0	10.4	06053	06053
CN0605500000000	06	055	Napa County, CA	2016-03-01	74669.0	71382.0	3287.0	4.4	06055	06055
CN0605700000000	06	057	Nevada County, CA	2016-03-01	48718.0	46289.0	2429.0	5.0	06057	06057
CN0605900000000	06	059	Orange County, CA	2016-03-01	1606402.0	1542327.0	64075.0	4.0	06059	06059
CN0606100000000	06	061	Placer County, CA	2016-03-01	178804.0	170576.0	8228.0	4.6	06061	06061
CN0606300000000	06	063	Plumas County, CA	2016-03-01	7705.0	6663.0	1042.0	13.5	06063	06063
CN0606500000000	06	065	Riverside County, CA	2016-03-01	1041439.0	980033.0	61406.0	5.9	06065	06065
CN0606700000000	06	067	Sacramento County, CA	2016-03-01	690776.0	653015.0	37761.0	5.5	06067	06067
CN0606900000000	06	069	San Benito County, CA	2016-03-01	30048.0	27701.0	2347.0	7.8	06069	06069
CN0607100000000	06	071	San Bernardino County, CA	2016-03-01	932175.0	879727.0	52448.0	5.6	06071	06071
CN0607300000000	06	073	San Diego County, CA	2016-03-01	1567487.0	1493773.0	73714.0	4.7	06073	06073
CN0607500000000	06	075	San Francisco County/city, CA	2016-03-01	553685.0	535420.0	18265.0	3.3	06075	06075
CN0607700000000	06	077	San Joaquin County, CA	2016-03-01	318077.0	290167.0	27910.0	8.8	06077	06077
CN0607900000000	06	079	San Luis Obispo County, CA	2016-03-01	144372.0	138220.0	6152.0	4.3	06079	06079
CN0608100000000	06	081	San Mateo County, CA	2016-03-01	446220.0	432763.0	13457.0	3.0	06081	06081
CN0608300000000	06	083	Santa Barbara County, CA	2016-03-01	222568.0	210869.0	11699.0	5.3	06083	06083
CN0608500000000	06	085	Santa Clara County, CA	2016-03-01	1028476.0	989862.0	38614.0	3.8	06085	06085
CN0608700000000	06	087	Santa Cruz County, CA	2016-03-01	143821.0	131273.0	12548.0	8.7	06087	06087
CN0608900000000	06	089	Shasta County, CA	2016-03-01	73954.0	68065.0	5889.0	8.0	06089	06089
CN0609100000000	06	091	Sierra County, CA	2016-03-01	1287.0	1160.0	127.0	9.9	06091	06091
CN0609300000000	06	093	Siskiyou County, CA	2016-03-01	17670.0	15767.0	1903.0	10.8	06093	06093
CN0609500000000	06	095	Solano County, CA	2016-03-01	207153.0	195480.0	11673.0	5.6	06095	06095
CN0609700000000	06	097	Sonoma County, CA	2016-03-01	261646.0	250876.0	10770.0	4.1	06097	06097
CN0609900000000	06	099	Stanislaus County, CA	2016-03-01	244921.0	221670.0	23251.0	9.5	06099	06099
CN0610100000000	06	101	Sutter County, CA	2016-03-01	44918.0	39634.0	5284.0	11.8	06101	06101
CN0610300000000	06	103	Tehama County, CA	2016-03-01	24568.0	22610.0	1958.0	8.0	06103	06103
CN0610500000000	06	105	Trinity County, CA	2016-03-01	5150.0	4707.0	443.0	8.6	06105	06105
CN0610700000000	06	107	Tulare County, CA	2016-03-01	202349.0	177327.0	25022.0	12.4	06107	06107
CN0610900000000	06	109	Tuolumne County, CA	2016-03-01	21583.0	20102.0	1481.0	6.9	06109	06109
CN0611100000000	06	111	Ventura County, CA	2016-03-01	432248.0	410708.0	21540.0	5.0	06111	06111
CN0611300000000	06	113	Yolo County, CA	2016-03-01	104504.0	97800.0	6704.0	6.4	06113	06113
CN0611500000000	06	115	Yuba County, CA	2016-03-01	28295.0	25576.0	2719.0	9.6	06115	06115
CN0600100000000	06	001	Alameda County, CA	2016-04-01	825159.0	791249.0	33910.0	4.1	06001	06001
CN0600300000000	06	003	Alpine County, CA	2016-04-01	603.0	567.0	36.0	6.0	06003	06003
CN0600500000000	06	005	Amador County, CA	2016-04-01	14512.0	13660.0	852.0	5.9	06005	06005
CN0600700000000	06	007	Butte County, CA	2016-04-01	101826.0	95268.0	6558.0	6.4	06007	06007
CN0600900000000	06	009	Calaveras County, CA	2016-04-01	20540.0	19359.0	1181.0	5.7	06009	06009
CN0601100000000	06	011	Colusa County, CA	2016-04-01	10956.0	9189.0	1767.0	16.1	06011	06011
CN0601300000000	06	013	Contra Costa County, CA	2016-04-01	549587.0	525962.0	23625.0	4.3	06013	06013
CN0601500000000	06	015	Del Norte County, CA	2016-04-01	9828.0	9086.0	742.0	7.5	06015	06015
CN0601700000000	06	017	El Dorado County, CA	2016-04-01	88822.0	84391.0	4431.0	5.0	06017	06017
CN0601900000000	06	019	Fresno County, CA	2016-04-01	448273.0	405174.0	43099.0	9.6	06019	06019
CN0602100000000	06	021	Glenn County, CA	2016-04-01	13253.0	12178.0	1075.0	8.1	06021	06021
CN0602300000000	06	023	Humboldt County, CA	2016-04-01	62374.0	59391.0	2983.0	4.8	06023	06023
CN0602500000000	06	025	Imperial County, CA	2016-04-01	79156.0	61655.0	17501.0	22.1	06025	06025
CN0602700000000	06	027	Inyo County, CA	2016-04-01	9037.0	8571.0	466.0	5.2	06027	06027
CN0602900000000	06	029	Kern County, CA	2016-04-01	393635.0	351927.0	41708.0	10.6	06029	06029
CN0603100000000	06	031	Kings County, CA	2016-04-01	57705.0	51950.0	5755.0	10.0	06031	06031
CN0603300000000	06	033	Lake County, CA	2016-04-01	29019.0	27095.0	1924.0	6.6	06033	06033
CN0603500000000	06	035	Lassen County, CA	2016-04-01	10576.0	9841.0	735.0	6.9	06035	06035
CN0603700000000	06	037	Los Angeles County, CA	2016-04-01	5027660.0	4778627.0	249033.0	5.0	06037	06037
CN0603900000000	06	039	Madera County, CA	2016-04-01	61093.0	55215.0	5878.0	9.6	06039	06039
CN0604100000000	06	041	Marin County, CA	2016-04-01	141683.0	137324.0	4359.0	3.1	06041	06041
CN0604300000000	06	043	Mariposa County, CA	2016-04-01	7719.0	7178.0	541.0	7.0	06043	06043
CN0604500000000	06	045	Mendocino County, CA	2016-04-01	39752.0	37705.0	2047.0	5.1	06045	06045
CN0604700000000	06	047	Merced County, CA	2016-04-01	114346.0	101644.0	12702.0	11.1	06047	06047
CN0604900000000	06	049	Modoc County, CA	2016-04-01	3271.0	3015.0	256.0	7.8	06049	06049
CN0605100000000	06	051	Mono County, CA	2016-04-01	8372.0	7982.0	390.0	4.7	06051	06051
CN0605300000000	06	053	Monterey County, CA	2016-04-01	222899.0	206264.0	16635.0	7.5	06053	06053
CN0605500000000	06	055	Napa County, CA	2016-04-01	75530.0	72590.0	2940.0	3.9	06055	06055
CN0605700000000	06	057	Nevada County, CA	2016-04-01	48198.0	45953.0	2245.0	4.7	06057	06057
CN0605900000000	06	059	Orange County, CA	2016-04-01	1602786.0	1541041.0	61745.0	3.9	06059	06059
CN0606100000000	06	061	Placer County, CA	2016-04-01	177540.0	169889.0	7651.0	4.3	06061	06061
CN0606300000000	06	063	Plumas County, CA	2016-04-01	7740.0	6905.0	835.0	10.8	06063	06063
CN0606500000000	06	065	Riverside County, CA	2016-04-01	1036547.0	977264.0	59283.0	5.7	06065	06065
CN0606700000000	06	067	Sacramento County, CA	2016-04-01	686185.0	650505.0	35680.0	5.2	06067	06067
CN0606900000000	06	069	San Benito County, CA	2016-04-01	29959.0	27864.0	2095.0	7.0	06069	06069
CN0607100000000	06	071	San Bernardino County, CA	2016-04-01	928303.0	877433.0	50870.0	5.5	06071	06071
CN0607300000000	06	073	San Diego County, CA	2016-04-01	1563939.0	1493310.0	70629.0	4.5	06073	06073
CN0607500000000	06	075	San Francisco County/city, CA	2016-04-01	552489.0	535141.0	17348.0	3.1	06075	06075
CN0607700000000	06	077	San Joaquin County, CA	2016-04-01	318e3	292345.0	25655.0	8.1	06077	06077
CN0607900000000	06	079	San Luis Obispo County, CA	2016-04-01	144493.0	138835.0	5658.0	3.9	06079	06079
CN0608100000000	06	081	San Mateo County, CA	2016-04-01	445322.0	432527.0	12795.0	2.9	06081	06081
CN0608300000000	06	083	Santa Barbara County, CA	2016-04-01	223555.0	213545.0	10010.0	4.5	06083	06083
CN0608500000000	06	085	Santa Clara County, CA	2016-04-01	1028854.0	991710.0	37144.0	3.6	06085	06085
CN0608700000000	06	087	Santa Cruz County, CA	2016-04-01	144529.0	133690.0	10839.0	7.5	06087	06087
CN0608900000000	06	089	Shasta County, CA	2016-04-01	73948.0	68830.0	5118.0	6.9	06089	06089
CN0609100000000	06	091	Sierra County, CA	2016-04-01	1279.0	1170.0	109.0	8.5	06091	06091
CN0609300000000	06	093	Siskiyou County, CA	2016-04-01	17668.0	16170.0	1498.0	8.5	06093	06093
CN0609500000000	06	095	Solano County, CA	2016-04-01	206657.0	195761.0	10896.0	5.3	06095	06095
CN0609700000000	06	097	Sonoma County, CA	2016-04-01	259990.0	250173.0	9817.0	3.8	06097	06097
CN0609900000000	06	099	Stanislaus County, CA	2016-04-01	243013.0	221368.0	21645.0	8.9	06099	06099
CN0610100000000	06	101	Sutter County, CA	2016-04-01	44717.0	40127.0	4590.0	10.3	06101	06101
CN0610300000000	06	103	Tehama County, CA	2016-04-01	24483.0	22696.0	1787.0	7.3	06103	06103
CN0610500000000	06	105	Trinity County, CA	2016-04-01	5159.0	4780.0	379.0	7.3	06105	06105
CN0610700000000	06	107	Tulare County, CA	2016-04-01	206578.0	184306.0	22272.0	10.8	06107	06107
CN0610900000000	06	109	Tuolumne County, CA	2016-04-01	21472.0	20117.0	1355.0	6.3	06109	06109
CN0611100000000	06	111	Ventura County, CA	2016-04-01	430119.0	409735.0	20384.0	4.7	06111	06111
CN0611300000000	06	113	Yolo County, CA	2016-04-01	103631.0	97877.0	5754.0	5.6	06113	06113
CN0611500000000	06	115	Yuba County, CA	2016-04-01	28126.0	25723.0	2403.0	8.5	06115	06115
CN0600100000000	06	001	Alameda County, CA	2016-05-01	823784.0	792496.0	31288.0	3.8	06001	06001
CN0600300000000	06	003	Alpine County, CA	2016-05-01	490.0	453.0	37.0	7.6	06003	06003
CN0600500000000	06	005	Amador County, CA	2016-05-01	14609.0	13842.0	767.0	5.3	06005	06005
CN0600700000000	06	007	Butte County, CA	2016-05-01	101543.0	95653.0	5890.0	5.8	06007	06007
CN0600900000000	06	009	Calaveras County, CA	2016-05-01	20521.0	19449.0	1072.0	5.2	06009	06009
CN0601100000000	06	011	Colusa County, CA	2016-05-01	10751.0	9406.0	1345.0	12.5	06011	06011
CN0601300000000	06	013	Contra Costa County, CA	2016-05-01	548562.0	526831.0	21731.0	4.0	06013	06013
CN0601500000000	06	015	Del Norte County, CA	2016-05-01	9857.0	9211.0	646.0	6.6	06015	06015
CN0601700000000	06	017	El Dorado County, CA	2016-05-01	88813.0	84649.0	4164.0	4.7	06017	06017
CN0601900000000	06	019	Fresno County, CA	2016-05-01	451463.0	413503.0	37960.0	8.4	06019	06019
CN0602100000000	06	021	Glenn County, CA	2016-05-01	13258.0	12301.0	957.0	7.2	06021	06021
CN0602300000000	06	023	Humboldt County, CA	2016-05-01	62263.0	59649.0	2614.0	4.2	06023	06023
CN0602500000000	06	025	Imperial County, CA	2016-05-01	79316.0	62359.0	16957.0	21.4	06025	06025
CN0602700000000	06	027	Inyo County, CA	2016-05-01	9072.0	8655.0	417.0	4.6	06027	06027
CN0602900000000	06	029	Kern County, CA	2016-05-01	394813.0	356734.0	38079.0	9.6	06029	06029
CN0603100000000	06	031	Kings County, CA	2016-05-01	58047.0	53048.0	4999.0	8.6	06031	06031
CN0603300000000	06	033	Lake County, CA	2016-05-01	29271.0	27569.0	1702.0	5.8	06033	06033
CN0603500000000	06	035	Lassen County, CA	2016-05-01	10655.0	10023.0	632.0	5.9	06035	06035
CN0603700000000	06	037	Los Angeles County, CA	2016-05-01	5022855.0	4779959.0	242896.0	4.8	06037	06037
CN0603900000000	06	039	Madera County, CA	2016-05-01	61445.0	56286.0	5159.0	8.4	06039	06039
CN0604100000000	06	041	Marin County, CA	2016-05-01	141760.0	137821.0	3939.0	2.8	06041	06041
CN0604300000000	06	043	Mariposa County, CA	2016-05-01	8039.0	7577.0	462.0	5.7	06043	06043
CN0604500000000	06	045	Mendocino County, CA	2016-05-01	39939.0	38214.0	1725.0	4.3	06045	06045
CN0604700000000	06	047	Merced County, CA	2016-05-01	114790.0	103723.0	11067.0	9.6	06047	06047
CN0604900000000	06	049	Modoc County, CA	2016-05-01	3248.0	3032.0	216.0	6.7	06049	06049
CN0605100000000	06	051	Mono County, CA	2016-05-01	7745.0	7255.0	490.0	6.3	06051	06051
CN0605300000000	06	053	Monterey County, CA	2016-05-01	226210.0	212912.0	13298.0	5.9	06053	06053
CN0605500000000	06	055	Napa County, CA	2016-05-01	75684.0	73108.0	2576.0	3.4	06055	06055
CN0605700000000	06	057	Nevada County, CA	2016-05-01	48243.0	46173.0	2070.0	4.3	06057	06057
CN0605900000000	06	059	Orange County, CA	2016-05-01	1599537.0	1542506.0	57031.0	3.6	06059	06059
CN0606100000000	06	061	Placer County, CA	2016-05-01	177405.0	170394.0	7011.0	4.0	06061	06061
CN0606300000000	06	063	Plumas County, CA	2016-05-01	7937.0	7298.0	639.0	8.1	06063	06063
CN0606500000000	06	065	Riverside County, CA	2016-05-01	1033481.0	977951.0	55530.0	5.4	06065	06065
CN0606700000000	06	067	Sacramento County, CA	2016-05-01	685404.0	652445.0	32959.0	4.8	06067	06067
CN0606900000000	06	069	San Benito County, CA	2016-05-01	29795.0	27922.0	1873.0	6.3	06069	06069
CN0607100000000	06	071	San Bernardino County, CA	2016-05-01	925128.0	877277.0	47851.0	5.2	06071	06071
CN0607300000000	06	073	San Diego County, CA	2016-05-01	1560360.0	1495189.0	65171.0	4.2	06073	06073
CN0607500000000	06	075	San Francisco County/city, CA	2016-05-01	548762.0	532802.0	15960.0	2.9	06075	06075
CN0607700000000	06	077	San Joaquin County, CA	2016-05-01	322688.0	299927.0	22761.0	7.1	06077	06077
CN0607900000000	06	079	San Luis Obispo County, CA	2016-05-01	144971.0	139867.0	5104.0	3.5	06079	06079
CN0608100000000	06	081	San Mateo County, CA	2016-05-01	442362.0	430679.0	11683.0	2.6	06081	06081
CN0608300000000	06	083	Santa Barbara County, CA	2016-05-01	222950.0	214165.0	8785.0	3.9	06083	06083
CN0608500000000	06	085	Santa Clara County, CA	2016-05-01	1027734.0	993810.0	33924.0	3.3	06085	06085
CN0608700000000	06	087	Santa Cruz County, CA	2016-05-01	145311.0	136788.0	8523.0	5.9	06087	06087
CN0608900000000	06	089	Shasta County, CA	2016-05-01	73979.0	69452.0	4527.0	6.1	06089	06089
CN0609100000000	06	091	Sierra County, CA	2016-05-01	1304.0	1215.0	89.0	6.8	06091	06091
CN0609300000000	06	093	Siskiyou County, CA	2016-05-01	17776.0	16555.0	1221.0	6.9	06093	06093
CN0609500000000	06	095	Solano County, CA	2016-05-01	206093.0	196132.0	9961.0	4.8	06095	06095
CN0609700000000	06	097	Sonoma County, CA	2016-05-01	260048.0	251142.0	8906.0	3.4	06097	06097
CN0609900000000	06	099	Stanislaus County, CA	2016-05-01	243624.0	224318.0	19306.0	7.9	06099	06099
CN0610100000000	06	101	Sutter County, CA	2016-05-01	44720.0	40702.0	4018.0	9.0	06101	06101
CN0610300000000	06	103	Tehama County, CA	2016-05-01	24512.0	22908.0	1604.0	6.5	06103	06103
CN0610500000000	06	105	Trinity County, CA	2016-05-01	5267.0	4959.0	308.0	5.8	06105	06105
CN0610700000000	06	107	Tulare County, CA	2016-05-01	207105.0	187551.0	19554.0	9.4	06107	06107
CN0610900000000	06	109	Tuolumne County, CA	2016-05-01	21542.0	20351.0	1191.0	5.5	06109	06109
CN0611100000000	06	111	Ventura County, CA	2016-05-01	426e3	407043.0	18957.0	4.5	06111	06111
CN0611300000000	06	113	Yolo County, CA	2016-05-01	103315.0	98269.0	5046.0	4.9	06113	06113
CN0611500000000	06	115	Yuba County, CA	2016-05-01	28021.0	25899.0	2122.0	7.6	06115	06115
CN0600100000000	06	001	Alameda County, CA	2016-06-01	831884.0	792968.0	38916.0	4.7	06001	06001
CN0600300000000	06	003	Alpine County, CA	2016-06-01	500.0	462.0	38.0	7.6	06003	06003
CN0600500000000	06	005	Amador County, CA	2016-06-01	14744.0	13864.0	880.0	6.0	06005	06005
CN0600700000000	06	007	Butte County, CA	2016-06-01	102692.0	95415.0	7277.0	7.1	06007	06007
CN0600900000000	06	009	Calaveras County, CA	2016-06-01	20849.0	19601.0	1248.0	6.0	06009	06009
CN0601100000000	06	011	Colusa County, CA	2016-06-01	10949.0	9460.0	1489.0	13.6	06011	06011
CN0601300000000	06	013	Contra Costa County, CA	2016-06-01	553994.0	527022.0	26972.0	4.9	06013	06013
CN0601500000000	06	015	Del Norte County, CA	2016-06-01	9977.0	9251.0	726.0	7.3	06015	06015
CN0601700000000	06	017	El Dorado County, CA	2016-06-01	89886.0	85098.0	4788.0	5.3	06017	06017
CN0601900000000	06	019	Fresno County, CA	2016-06-01	456333.0	413883.0	42450.0	9.3	06019	06019
CN0602100000000	06	021	Glenn County, CA	2016-06-01	13420.0	12282.0	1138.0	8.5	06021	06021
CN0602300000000	06	023	Humboldt County, CA	2016-06-01	62464.0	59223.0	3241.0	5.2	06023	06023
CN0602500000000	06	025	Imperial County, CA	2016-06-01	81451.0	62103.0	19348.0	23.8	06025	06025
CN0602700000000	06	027	Inyo County, CA	2016-06-01	9170.0	8678.0	492.0	5.4	06027	06027
CN0602900000000	06	029	Kern County, CA	2016-06-01	397970.0	355089.0	42881.0	10.8	06029	06029
CN0603100000000	06	031	Kings County, CA	2016-06-01	58415.0	52474.0	5941.0	10.2	06031	06031
CN0603300000000	06	033	Lake County, CA	2016-06-01	29519.0	27554.0	1965.0	6.7	06033	06033
CN0603500000000	06	035	Lassen County, CA	2016-06-01	10670.0	9964.0	706.0	6.6	06035	06035
CN0603700000000	06	037	Los Angeles County, CA	2016-06-01	5020648.0	4750383.0	270265.0	5.4	06037	06037
CN0603900000000	06	039	Madera County, CA	2016-06-01	62485.0	56661.0	5824.0	9.3	06039	06039
CN0604100000000	06	041	Marin County, CA	2016-06-01	143292.0	138255.0	5037.0	3.5	06041	06041
CN0604300000000	06	043	Mariposa County, CA	2016-06-01	8680.0	8180.0	500.0	5.8	06043	06043
CN0604500000000	06	045	Mendocino County, CA	2016-06-01	40691.0	38637.0	2054.0	5.0	06045	06045
CN0604700000000	06	047	Merced County, CA	2016-06-01	116247.0	104101.0	12146.0	10.4	06047	06047
CN0604900000000	06	049	Modoc County, CA	2016-06-01	3414.0	3169.0	245.0	7.2	06049	06049
CN0605100000000	06	051	Mono County, CA	2016-06-01	8193.0	7705.0	488.0	6.0	06051	06051
CN0605300000000	06	053	Monterey County, CA	2016-06-01	230941.0	216818.0	14123.0	6.1	06053	06053
CN0605500000000	06	055	Napa County, CA	2016-06-01	76619.0	73439.0	3180.0	4.2	06055	06055
CN0605700000000	06	057	Nevada County, CA	2016-06-01	49037.0	46616.0	2421.0	4.9	06057	06057
CN0605900000000	06	059	Orange County, CA	2016-06-01	1612593.0	1541527.0	71066.0	4.4	06059	06059
CN0606100000000	06	061	Placer County, CA	2016-06-01	179998.0	171377.0	8621.0	4.8	06061	06061
CN0606300000000	06	063	Plumas County, CA	2016-06-01	8307.0	7619.0	688.0	8.3	06063	06063
CN0606500000000	06	065	Riverside County, CA	2016-06-01	1044316.0	974527.0	69789.0	6.7	06065	06065
CN0606700000000	06	067	Sacramento County, CA	2016-06-01	696964.0	656408.0	40556.0	5.8	06067	06067
CN0606900000000	06	069	San Benito County, CA	2016-06-01	30144.0	28082.0	2062.0	6.8	06069	06069
CN0607100000000	06	071	San Bernardino County, CA	2016-06-01	933508.0	873406.0	60102.0	6.4	06071	06071
CN0607300000000	06	073	San Diego County, CA	2016-06-01	1580142.0	1499783.0	80359.0	5.1	06073	06073
CN0607500000000	06	075	San Francisco County/city, CA	2016-06-01	552873.0	533222.0	19651.0	3.6	06075	06075
CN0607700000000	06	077	San Joaquin County, CA	2016-06-01	323161.0	296223.0	26938.0	8.3	06077	06077
CN0607900000000	06	079	San Luis Obispo County, CA	2016-06-01	147160.0	140574.0	6586.0	4.5	06079	06079
CN0608100000000	06	081	San Mateo County, CA	2016-06-01	445568.0	430901.0	14667.0	3.3	06081	06081
CN0608300000000	06	083	Santa Barbara County, CA	2016-06-01	223533.0	212548.0	10985.0	4.9	06083	06083
CN0608500000000	06	085	Santa Clara County, CA	2016-06-01	1038833.0	996816.0	42017.0	4.0	06085	06085
CN0608700000000	06	087	Santa Cruz County, CA	2016-06-01	149111.0	139854.0	9257.0	6.2	06087	06087
CN0608900000000	06	089	Shasta County, CA	2016-06-01	75400.0	70005.0	5395.0	7.2	06089	06089
CN0609100000000	06	091	Sierra County, CA	2016-06-01	1414.0	1309.0	105.0	7.4	06091	06091
CN0609300000000	06	093	Siskiyou County, CA	2016-06-01	18331.0	16974.0	1357.0	7.4	06093	06093
CN0609500000000	06	095	Solano County, CA	2016-06-01	208600.0	196421.0	12179.0	5.8	06095	06095
CN0609700000000	06	097	Sonoma County, CA	2016-06-01	262665.0	251595.0	11070.0	4.2	06097	06097
CN0609900000000	06	099	Stanislaus County, CA	2016-06-01	245542.0	223116.0	22426.0	9.1	06099	06099
CN0610100000000	06	101	Sutter County, CA	2016-06-01	45395.0	41005.0	4390.0	9.7	06101	06101
CN0610300000000	06	103	Tehama County, CA	2016-06-01	25051.0	23114.0	1937.0	7.7	06103	06103
CN0610500000000	06	105	Trinity County, CA	2016-06-01	5458.0	5116.0	342.0	6.3	06105	06105
CN0610700000000	06	107	Tulare County, CA	2016-06-01	207889.0	185560.0	22329.0	10.7	06107	06107
CN0610900000000	06	109	Tuolumne County, CA	2016-06-01	21869.0	20471.0	1398.0	6.4	06109	06109
CN0611100000000	06	111	Ventura County, CA	2016-06-01	428281.0	405059.0	23222.0	5.4	06111	06111
CN0611300000000	06	113	Yolo County, CA	2016-06-01	105127.0	98982.0	6145.0	5.8	06113	06113
CN0611500000000	06	115	Yuba County, CA	2016-06-01	28525.0	26029.0	2496.0	8.8	06115	06115
CN0600100000000	06	001	Alameda County, CA	2016-07-01	845810.0	804977.0	40833.0	4.8	06001	06001
CN0600300000000	06	003	Alpine County, CA	2016-07-01	509.0	471.0	38.0	7.5	06003	06003
CN0600500000000	06	005	Amador County, CA	2016-07-01	14968.0	14035.0	933.0	6.2	06005	06005
CN0600700000000	06	007	Butte County, CA	2016-07-01	101903.0	94455.0	7448.0	7.3	06007	06007
CN0600900000000	06	009	Calaveras County, CA	2016-07-01	21023.0	19747.0	1276.0	6.1	06009	06009
CN0601100000000	06	011	Colusa County, CA	2016-07-01	11472.0	10057.0	1415.0	12.3	06011	06011
CN0601300000000	06	013	Contra Costa County, CA	2016-07-01	563147.0	535170.0	27977.0	5.0	06013	06013
CN0601500000000	06	015	Del Norte County, CA	2016-07-01	9669.0	8912.0	757.0	7.8	06015	06015
CN0601700000000	06	017	El Dorado County, CA	2016-07-01	90797.0	85832.0	4965.0	5.5	06017	06017
CN0601900000000	06	019	Fresno County, CA	2016-07-01	456934.0	414388.0	42546.0	9.3	06019	06019
CN0602100000000	06	021	Glenn County, CA	2016-07-01	13189.0	12009.0	1180.0	8.9	06021	06021
CN0602300000000	06	023	Humboldt County, CA	2016-07-01	62060.0	58700.0	3360.0	5.4	06023	06023
CN0602500000000	06	025	Imperial County, CA	2016-07-01	81907.0	59850.0	22057.0	26.9	06025	06025
CN0602700000000	06	027	Inyo County, CA	2016-07-01	9271.0	8765.0	506.0	5.5	06027	06027
CN0602900000000	06	029	Kern County, CA	2016-07-01	401696.0	359442.0	42254.0	10.5	06029	06029
CN0603100000000	06	031	Kings County, CA	2016-07-01	59206.0	53516.0	5690.0	9.6	06031	06031
CN0603300000000	06	033	Lake County, CA	2016-07-01	30156.0	28181.0	1975.0	6.5	06033	06033
CN0603500000000	06	035	Lassen County, CA	2016-07-01	10680.0	9967.0	713.0	6.7	06035	06035
CN0603700000000	06	037	Los Angeles County, CA	2016-07-01	5068971.0	4773325.0	295646.0	5.8	06037	06037
CN0603900000000	06	039	Madera County, CA	2016-07-01	61967.0	56121.0	5846.0	9.4	06039	06039
CN0604100000000	06	041	Marin County, CA	2016-07-01	145193.0	139912.0	5281.0	3.6	06041	06041
CN0604300000000	06	043	Mariposa County, CA	2016-07-01	8825.0	8313.0	512.0	5.8	06043	06043
CN0604500000000	06	045	Mendocino County, CA	2016-07-01	40427.0	38300.0	2127.0	5.3	06045	06045
CN0604700000000	06	047	Merced County, CA	2016-07-01	114260.0	102381.0	11879.0	10.4	06047	06047
CN0604900000000	06	049	Modoc County, CA	2016-07-01	3433.0	3182.0	251.0	7.3	06049	06049
CN0605100000000	06	051	Mono County, CA	2016-07-01	8533.0	8048.0	485.0	5.7	06051	06051
CN0605300000000	06	053	Monterey County, CA	2016-07-01	229960.0	215925.0	14035.0	6.1	06053	06053
CN0605500000000	06	055	Napa County, CA	2016-07-01	76914.0	73683.0	3231.0	4.2	06055	06055
CN0605700000000	06	057	Nevada County, CA	2016-07-01	49312.0	46786.0	2526.0	5.1	06057	06057
CN0605900000000	06	059	Orange County, CA	2016-07-01	1627261.0	1552850.0	74411.0	4.6	06059	06059
CN0606100000000	06	061	Placer County, CA	2016-07-01	181687.0	172747.0	8940.0	4.9	06061	06061
CN0606300000000	06	063	Plumas County, CA	2016-07-01	8417.0	7762.0	655.0	7.8	06063	06063
CN0606500000000	06	065	Riverside County, CA	2016-07-01	1049603.0	974622.0	74981.0	7.1	06065	06065
CN0606700000000	06	067	Sacramento County, CA	2016-07-01	703694.0	661517.0	42177.0	6.0	06067	06067
CN0606900000000	06	069	San Benito County, CA	2016-07-01	30401.0	28383.0	2018.0	6.6	06069	06069
CN0607100000000	06	071	San Bernardino County, CA	2016-07-01	937722.0	875203.0	62519.0	6.7	06071	06071
CN0607300000000	06	073	San Diego County, CA	2016-07-01	1596721.0	1512569.0	84152.0	5.3	06073	06073
CN0607500000000	06	075	San Francisco County/city, CA	2016-07-01	562723.0	542041.0	20682.0	3.7	06075	06075
CN0607700000000	06	077	San Joaquin County, CA	2016-07-01	322430.0	295371.0	27059.0	8.4	06077	06077
CN0607900000000	06	079	San Luis Obispo County, CA	2016-07-01	145024.0	138221.0	6803.0	4.7	06079	06079
CN0608100000000	06	081	San Mateo County, CA	2016-07-01	453555.0	438090.0	15465.0	3.4	06081	06081
CN0608300000000	06	083	Santa Barbara County, CA	2016-07-01	224307.0	213033.0	11274.0	5.0	06083	06083
CN0608500000000	06	085	Santa Clara County, CA	2016-07-01	1047871.0	1004095.0	43776.0	4.2	06085	06085
CN0608700000000	06	087	Santa Cruz County, CA	2016-07-01	149334.0	140084.0	9250.0	6.2	06087	06087
CN0608900000000	06	089	Shasta County, CA	2016-07-01	74373.0	68901.0	5472.0	7.4	06089	06089
CN0609100000000	06	091	Sierra County, CA	2016-07-01	1368.0	1267.0	101.0	7.4	06091	06091
CN0609300000000	06	093	Siskiyou County, CA	2016-07-01	18508.0	17105.0	1403.0	7.6	06093	06093
CN0609500000000	06	095	Solano County, CA	2016-07-01	210728.0	198153.0	12575.0	6.0	06095	06095
CN0609700000000	06	097	Sonoma County, CA	2016-07-01	265692.0	254028.0	11664.0	4.4	06097	06097
CN0609900000000	06	099	Stanislaus County, CA	2016-07-01	248013.0	226053.0	21960.0	8.9	06099	06099
CN0610100000000	06	101	Sutter County, CA	2016-07-01	45819.0	41681.0	4138.0	9.0	06101	06101
CN0610300000000	06	103	Tehama County, CA	2016-07-01	24809.0	22765.0	2044.0	8.2	06103	06103
CN0610500000000	06	105	Trinity County, CA	2016-07-01	5447.0	5092.0	355.0	6.5	06105	06105
CN0610700000000	06	107	Tulare County, CA	2016-07-01	209065.0	185590.0	23475.0	11.2	06107	06107
CN0610900000000	06	109	Tuolumne County, CA	2016-07-01	22235.0	20796.0	1439.0	6.5	06109	06109
CN0611100000000	06	111	Ventura County, CA	2016-07-01	428476.0	403751.0	24725.0	5.8	06111	06111
CN0611300000000	06	113	Yolo County, CA	2016-07-01	106156.0	99889.0	6267.0	5.9	06113	06113
CN0611500000000	06	115	Yuba County, CA	2016-07-01	28497.0	25981.0	2516.0	8.8	06115	06115
CN0600100000000	06	001	Alameda County, CA	2016-08-01	843316.0	804365.0	38951.0	4.6	06001	06001
CN0600300000000	06	003	Alpine County, CA	2016-08-01	510.0	473.0	37.0	7.3	06003	06003
CN0600500000000	06	005	Amador County, CA	2016-08-01	15072.0	14212.0	860.0	5.7	06005	06005
CN0600700000000	06	007	Butte County, CA	2016-08-01	102855.0	96025.0	6830.0	6.6	06007	06007
CN0600900000000	06	009	Calaveras County, CA	2016-08-01	21027.0	19837.0	1190.0	5.7	06009	06009
CN0601100000000	06	011	Colusa County, CA	2016-08-01	11646.0	10484.0	1162.0	10.0	06011	06011
CN0601300000000	06	013	Contra Costa County, CA	2016-08-01	561459.0	534866.0	26593.0	4.7	06013	06013
CN0601500000000	06	015	Del Norte County, CA	2016-08-01	9845.0	9123.0	722.0	7.3	06015	06015
CN0601700000000	06	017	El Dorado County, CA	2016-08-01	90782.0	86133.0	4649.0	5.1	06017	06017
CN0601900000000	06	019	Fresno County, CA	2016-08-01	451539.0	412442.0	39097.0	8.7	06019	06019
CN0602100000000	06	021	Glenn County, CA	2016-08-01	13315.0	12260.0	1055.0	7.9	06021	06021
CN0602300000000	06	023	Humboldt County, CA	2016-08-01	61968.0	58779.0	3189.0	5.1	06023	06023
CN0602500000000	06	025	Imperial County, CA	2016-08-01	82053.0	60375.0	21678.0	26.4	06025	06025
CN0602700000000	06	027	Inyo County, CA	2016-08-01	9264.0	8806.0	458.0	4.9	06027	06027
CN0602900000000	06	029	Kern County, CA	2016-08-01	402481.0	363537.0	38944.0	9.7	06029	06029
CN0603100000000	06	031	Kings County, CA	2016-08-01	58534.0	53349.0	5185.0	8.9	06031	06031
CN0603300000000	06	033	Lake County, CA	2016-08-01	30308.0	28407.0	1901.0	6.3	06033	06033
CN0603500000000	06	035	Lassen County, CA	2016-08-01	10766.0	10113.0	653.0	6.1	06035	06035
CN0603700000000	06	037	Los Angeles County, CA	2016-08-01	5059261.0	4774972.0	284289.0	5.6	06037	06037
CN0603900000000	06	039	Madera County, CA	2016-08-01	63124.0	57927.0	5197.0	8.2	06039	06039
CN0604100000000	06	041	Marin County, CA	2016-08-01	145772.0	140731.0	5041.0	3.5	06041	06041
CN0604300000000	06	043	Mariposa County, CA	2016-08-01	8787.0	8315.0	472.0	5.4	06043	06043
CN0604500000000	06	045	Mendocino County, CA	2016-08-01	40839.0	38790.0	2049.0	5.0	06045	06045
CN0604700000000	06	047	Merced County, CA	2016-08-01	116268.0	105592.0	10676.0	9.2	06047	06047
CN0604900000000	06	049	Modoc County, CA	2016-08-01	3437.0	3211.0	226.0	6.6	06049	06049
CN0605100000000	06	051	Mono County, CA	2016-08-01	8514.0	8070.0	444.0	5.2	06051	06051
CN0605300000000	06	053	Monterey County, CA	2016-08-01	228460.0	215558.0	12902.0	5.6	06053	06053
CN0605500000000	06	055	Napa County, CA	2016-08-01	77434.0	74303.0	3131.0	4.0	06055	06055
CN0605700000000	06	057	Nevada County, CA	2016-08-01	49436.0	47058.0	2378.0	4.8	06057	06057
CN0605900000000	06	059	Orange County, CA	2016-08-01	1624625.0	1554055.0	70570.0	4.3	06059	06059
CN0606100000000	06	061	Placer County, CA	2016-08-01	181796.0	173336.0	8460.0	4.7	06061	06061
CN0606300000000	06	063	Plumas County, CA	2016-08-01	8339.0	7748.0	591.0	7.1	06063	06063
CN0606500000000	06	065	Riverside County, CA	2016-08-01	1050484.0	978325.0	72159.0	6.9	06065	06065
CN0606700000000	06	067	Sacramento County, CA	2016-08-01	703560.0	663615.0	39945.0	5.7	06067	06067
CN0606900000000	06	069	San Benito County, CA	2016-08-01	30468.0	28570.0	1898.0	6.2	06069	06069
CN0607100000000	06	071	San Bernardino County, CA	2016-08-01	938343.0	879752.0	58591.0	6.2	06071	06071
CN0607300000000	06	073	San Diego County, CA	2016-08-01	1590416.0	1510592.0	79824.0	5.0	06073	06073
CN0607500000000	06	075	San Francisco County/city, CA	2016-08-01	563255.0	543558.0	19697.0	3.5	06075	06075
CN0607700000000	06	077	San Joaquin County, CA	2016-08-01	323487.0	298536.0	24951.0	7.7	06077	06077
CN0607900000000	06	079	San Luis Obispo County, CA	2016-08-01	143031.0	136560.0	6471.0	4.5	06079	06079
CN0608100000000	06	081	San Mateo County, CA	2016-08-01	453996.0	439360.0	14636.0	3.2	06081	06081
CN0608300000000	06	083	Santa Barbara County, CA	2016-08-01	222955.0	212298.0	10657.0	4.8	06083	06083
CN0608500000000	06	085	Santa Clara County, CA	2016-08-01	1051933.0	1010008.0	41925.0	4.0	06085	06085
CN0608700000000	06	087	Santa Cruz County, CA	2016-08-01	148372.0	139874.0	8498.0	5.7	06087	06087
CN0608900000000	06	089	Shasta County, CA	2016-08-01	74886.0	69812.0	5074.0	6.8	06089	06089
CN0609100000000	06	091	Sierra County, CA	2016-08-01	1368.0	1278.0	90.0	6.6	06091	06091
CN0609300000000	06	093	Siskiyou County, CA	2016-08-01	18525.0	17217.0	1308.0	7.1	06093	06093
CN0609500000000	06	095	Solano County, CA	2016-08-01	210280.0	198373.0	11907.0	5.7	06095	06095
CN0609700000000	06	097	Sonoma County, CA	2016-08-01	265070.0	254328.0	10742.0	4.1	06097	06097
CN0609900000000	06	099	Stanislaus County, CA	2016-08-01	249733.0	229977.0	19756.0	7.9	06099	06099
CN0610100000000	06	101	Sutter County, CA	2016-08-01	46068.0	42412.0	3656.0	7.9	06101	06101
CN0610300000000	06	103	Tehama County, CA	2016-08-01	25181.0	23320.0	1861.0	7.4	06103	06103
CN0610500000000	06	105	Trinity County, CA	2016-08-01	5596.0	5264.0	332.0	5.9	06105	06105
CN0610700000000	06	107	Tulare County, CA	2016-08-01	206883.0	184956.0	21927.0	10.6	06107	06107
CN0610900000000	06	109	Tuolumne County, CA	2016-08-01	22097.0	20752.0	1345.0	6.1	06109	06109
CN0611100000000	06	111	Ventura County, CA	2016-08-01	427253.0	402736.0	24517.0	5.7	06111	06111
CN0611300000000	06	113	Yolo County, CA	2016-08-01	105661.0	99882.0	5779.0	5.5	06113	06113
CN0611500000000	06	115	Yuba County, CA	2016-08-01	28731.0	26428.0	2303.0	8.0	06115	06115
CN0600100000000	06	001	Alameda County, CA	2016-09-01	844652.0	808230.0	36422.0	4.3	06001	06001
CN0600300000000	06	003	Alpine County, CA	2016-09-01	503.0	466.0	37.0	7.4	06003	06003
CN0600500000000	06	005	Amador County, CA	2016-09-01	15182.0	14359.0	823.0	5.4	06005	06005
CN0600700000000	06	007	Butte County, CA	2016-09-01	103619.0	97378.0	6241.0	6.0	06007	06007
CN0600900000000	06	009	Calaveras County, CA	2016-09-01	20994.0	19850.0	1144.0	5.4	06009	06009
CN0601100000000	06	011	Colusa County, CA	2016-09-01	11521.0	10445.0	1076.0	9.3	06011	06011
CN0601300000000	06	013	Contra Costa County, CA	2016-09-01	562201.0	537225.0	24976.0	4.4	06013	06013
CN0601500000000	06	015	Del Norte County, CA	2016-09-01	10037.0	9386.0	651.0	6.5	06015	06015
CN0601700000000	06	017	El Dorado County, CA	2016-09-01	91236.0	86810.0	4426.0	4.9	06017	06017
CN0601900000000	06	019	Fresno County, CA	2016-09-01	453028.0	415668.0	37360.0	8.2	06019	06019
CN0602100000000	06	021	Glenn County, CA	2016-09-01	13261.0	12344.0	917.0	6.9	06021	06021
CN0602300000000	06	023	Humboldt County, CA	2016-09-01	63005.0	60111.0	2894.0	4.6	06023	06023
CN0602500000000	06	025	Imperial County, CA	2016-09-01	81742.0	61154.0	20588.0	25.2	06025	06025
CN0602700000000	06	027	Inyo County, CA	2016-09-01	9241.0	8799.0	442.0	4.8	06027	06027
CN0602900000000	06	029	Kern County, CA	2016-09-01	402181.0	365502.0	36679.0	9.1	06029	06029
CN0603100000000	06	031	Kings County, CA	2016-09-01	58286.0	53460.0	4826.0	8.3	06031	06031
CN0603300000000	06	033	Lake County, CA	2016-09-01	30055.0	28245.0	1810.0	6.0	06033	06033
CN0603500000000	06	035	Lassen County, CA	2016-09-01	11086.0	10462.0	624.0	5.6	06035	06035
CN0603700000000	06	037	Los Angeles County, CA	2016-09-01	5072873.0	4804333.0	268540.0	5.3	06037	06037
CN0603900000000	06	039	Madera County, CA	2016-09-01	62891.0	58087.0	4804.0	7.6	06039	06039
CN0604100000000	06	041	Marin County, CA	2016-09-01	145127.0	140395.0	4732.0	3.3	06041	06041
CN0604300000000	06	043	Mariposa County, CA	2016-09-01	8677.0	8244.0	433.0	5.0	06043	06043
CN0604500000000	06	045	Mendocino County, CA	2016-09-01	40572.0	38689.0	1883.0	4.6	06045	06045
CN0604700000000	06	047	Merced County, CA	2016-09-01	118927.0	109226.0	9701.0	8.2	06047	06047
CN0604900000000	06	049	Modoc County, CA	2016-09-01	3397.0	3174.0	223.0	6.6	06049	06049
CN0605100000000	06	051	Mono County, CA	2016-09-01	8227.0	7793.0	434.0	5.3	06051	06051
CN0605300000000	06	053	Monterey County, CA	2016-09-01	227585.0	215617.0	11968.0	5.3	06053	06053
CN0605500000000	06	055	Napa County, CA	2016-09-01	78469.0	75495.0	2974.0	3.8	06055	06055
CN0605700000000	06	057	Nevada County, CA	2016-09-01	48977.0	46727.0	2250.0	4.6	06057	06057
CN0605900000000	06	059	Orange County, CA	2016-09-01	1638431.0	1572428.0	66003.0	4.0	06059	06059
CN0606100000000	06	061	Placer County, CA	2016-09-01	182909.0	174834.0	8075.0	4.4	06061	06061
CN0606300000000	06	063	Plumas County, CA	2016-09-01	8241.0	7694.0	547.0	6.6	06063	06063
CN0606500000000	06	065	Riverside County, CA	2016-09-01	1053797.0	985815.0	67982.0	6.5	06065	06065
CN0606700000000	06	067	Sacramento County, CA	2016-09-01	707384.0	669454.0	37930.0	5.4	06067	06067
CN0606900000000	06	069	San Benito County, CA	2016-09-01	30515.0	28735.0	1780.0	5.8	06069	06069
CN0607100000000	06	071	San Bernardino County, CA	2016-09-01	941830.0	886422.0	55408.0	5.9	06071	06071
CN0607300000000	06	073	San Diego County, CA	2016-09-01	1594087.0	1518797.0	75290.0	4.7	06073	06073
CN0607500000000	06	075	San Francisco County/city, CA	2016-09-01	565220.0	546534.0	18686.0	3.3	06075	06075
CN0607700000000	06	077	San Joaquin County, CA	2016-09-01	322189.0	298177.0	24012.0	7.5	06077	06077
CN0607900000000	06	079	San Luis Obispo County, CA	2016-09-01	144792.0	138788.0	6004.0	4.1	06079	06079
CN0608100000000	06	081	San Mateo County, CA	2016-09-01	455529.0	441649.0	13880.0	3.0	06081	06081
CN0608300000000	06	083	Santa Barbara County, CA	2016-09-01	222597.0	212513.0	10084.0	4.5	06083	06083
CN0608500000000	06	085	Santa Clara County, CA	2016-09-01	1055598.0	1015821.0	39777.0	3.8	06085	06085
CN0608700000000	06	087	Santa Cruz County, CA	2016-09-01	146558.0	138838.0	7720.0	5.3	06087	06087
CN0608900000000	06	089	Shasta County, CA	2016-09-01	75007.0	70198.0	4809.0	6.4	06089	06089
CN0609100000000	06	091	Sierra County, CA	2016-09-01	1369.0	1280.0	89.0	6.5	06091	06091
CN0609300000000	06	093	Siskiyou County, CA	2016-09-01	18430.0	17204.0	1226.0	6.7	06093	06093
CN0609500000000	06	095	Solano County, CA	2016-09-01	211333.0	200087.0	11246.0	5.3	06095	06095
CN0609700000000	06	097	Sonoma County, CA	2016-09-01	267853.0	257804.0	10049.0	3.8	06097	06097
CN0609900000000	06	099	Stanislaus County, CA	2016-09-01	248399.0	229870.0	18529.0	7.5	06099	06099
CN0610100000000	06	101	Sutter County, CA	2016-09-01	44883.0	41386.0	3497.0	7.8	06101	06101
CN0610300000000	06	103	Tehama County, CA	2016-09-01	25628.0	23985.0	1643.0	6.4	06103	06103
CN0610500000000	06	105	Trinity County, CA	2016-09-01	5530.0	5227.0	303.0	5.5	06105	06105
CN0610700000000	06	107	Tulare County, CA	2016-09-01	206177.0	185226.0	20951.0	10.2	06107	06107
CN0610900000000	06	109	Tuolumne County, CA	2016-09-01	21902.0	20647.0	1255.0	5.7	06109	06109
CN0611100000000	06	111	Ventura County, CA	2016-09-01	429605.0	406127.0	23478.0	5.5	06111	06111
CN0611300000000	06	113	Yolo County, CA	2016-09-01	105809.0	100426.0	5383.0	5.1	06113	06113
CN0611500000000	06	115	Yuba County, CA	2016-09-01	28487.0	26279.0	2208.0	7.8	06115	06115
CN0600100000000	06	001	Alameda County, CA	2016-10-01	848658.0	811946.0	36712.0	4.3	06001	06001
CN0600300000000	06	003	Alpine County, CA	2016-10-01	495.0	460.0	35.0	7.1	06003	06003
CN0600500000000	06	005	Amador County, CA	2016-10-01	15123.0	14292.0	831.0	5.5	06005	06005
CN0600700000000	06	007	Butte County, CA	2016-10-01	104762.0	98524.0	6238.0	6.0	06007	06007
CN0600900000000	06	009	Calaveras County, CA	2016-10-01	20969.0	19823.0	1146.0	5.5	06009	06009
CN0601100000000	06	011	Colusa County, CA	2016-10-01	11577.0	10349.0	1228.0	10.6	06011	06011
CN0601300000000	06	013	Contra Costa County, CA	2016-10-01	564897.0	539818.0	25079.0	4.4	06013	06013
CN0601500000000	06	015	Del Norte County, CA	2016-10-01	9845.0	9162.0	683.0	6.9	06015	06015
CN0601700000000	06	017	El Dorado County, CA	2016-10-01	91324.0	86800.0	4524.0	5.0	06017	06017
CN0601900000000	06	019	Fresno County, CA	2016-10-01	448707.0	407808.0	40899.0	9.1	06019	06019
CN0602100000000	06	021	Glenn County, CA	2016-10-01	13430.0	12535.0	895.0	6.7	06021	06021
CN0602300000000	06	023	Humboldt County, CA	2016-10-01	63250.0	60295.0	2955.0	4.7	06023	06023
CN0602500000000	06	025	Imperial County, CA	2016-10-01	81861.0	62018.0	19843.0	24.2	06025	06025
CN0602700000000	06	027	Inyo County, CA	2016-10-01	9195.0	8756.0	439.0	4.8	06027	06027
CN0602900000000	06	029	Kern County, CA	2016-10-01	404032.0	367418.0	36614.0	9.1	06029	06029
CN0603100000000	06	031	Kings County, CA	2016-10-01	57972.0	52783.0	5189.0	9.0	06031	06031
CN0603300000000	06	033	Lake County, CA	2016-10-01	29714.0	27820.0	1894.0	6.4	06033	06033
CN0603500000000	06	035	Lassen County, CA	2016-10-01	11624.0	10994.0	630.0	5.4	06035	06035
CN0603700000000	06	037	Los Angeles County, CA	2016-10-01	5071969.0	4812068.0	259901.0	5.1	06037	06037
CN0603900000000	06	039	Madera County, CA	2016-10-01	61205.0	56059.0	5146.0	8.4	06039	06039
CN0604100000000	06	041	Marin County, CA	2016-10-01	146317.0	141485.0	4832.0	3.3	06041	06041
CN0604300000000	06	043	Mariposa County, CA	2016-10-01	8162.0	7709.0	453.0	5.6	06043	06043
CN0604500000000	06	045	Mendocino County, CA	2016-10-01	40943.0	38960.0	1983.0	4.8	06045	06045
CN0604700000000	06	047	Merced County, CA	2016-10-01	118318.0	108205.0	10113.0	8.5	06047	06047
CN0604900000000	06	049	Modoc County, CA	2016-10-01	3454.0	3210.0	244.0	7.1	06049	06049
CN0605100000000	06	051	Mono County, CA	2016-10-01	7961.0	7463.0	498.0	6.3	06051	06051
CN0605300000000	06	053	Monterey County, CA	2016-10-01	226048.0	213750.0	12298.0	5.4	06053	06053
CN0605500000000	06	055	Napa County, CA	2016-10-01	78810.0	75822.0	2988.0	3.8	06055	06055
CN0605700000000	06	057	Nevada County, CA	2016-10-01	48866.0	46595.0	2271.0	4.6	06057	06057
CN0605900000000	06	059	Orange County, CA	2016-10-01	1642663.0	1575765.0	66898.0	4.1	06059	06059
CN0606100000000	06	061	Placer County, CA	2016-10-01	182882.0	174728.0	8154.0	4.5	06061	06061
CN0606300000000	06	063	Plumas County, CA	2016-10-01	8080.0	7519.0	561.0	6.9	06063	06063
CN0606500000000	06	065	Riverside County, CA	2016-10-01	1059842.0	993217.0	66625.0	6.3	06065	06065
CN0606700000000	06	067	Sacramento County, CA	2016-10-01	706963.0	668855.0	38108.0	5.4	06067	06067
CN0606900000000	06	069	San Benito County, CA	2016-10-01	30675.0	28890.0	1785.0	5.8	06069	06069
CN0607100000000	06	071	San Bernardino County, CA	2016-10-01	947744.0	892581.0	55163.0	5.8	06071	06071
CN0607300000000	06	073	San Diego County, CA	2016-10-01	1599872.0	1524045.0	75827.0	4.7	06073	06073
CN0607500000000	06	075	San Francisco County/city, CA	2016-10-01	567090.0	547987.0	19103.0	3.4	06075	06075
CN0607700000000	06	077	San Joaquin County, CA	2016-10-01	322682.0	298285.0	24397.0	7.6	06077	06077
CN0607900000000	06	079	San Luis Obispo County, CA	2016-10-01	146441.0	140437.0	6004.0	4.1	06079	06079
CN0608100000000	06	081	San Mateo County, CA	2016-10-01	457072.0	442955.0	14117.0	3.1	06081	06081
CN0608300000000	06	083	Santa Barbara County, CA	2016-10-01	225010.0	214664.0	10346.0	4.6	06083	06083
CN0608500000000	06	085	Santa Clara County, CA	2016-10-01	1059442.0	1019271.0	40171.0	3.8	06085	06085
CN0608700000000	06	087	Santa Cruz County, CA	2016-10-01	148348.0	140455.0	7893.0	5.3	06087	06087
CN0608900000000	06	089	Shasta County, CA	2016-10-01	75568.0	70747.0	4821.0	6.4	06089	06089
CN0609100000000	06	091	Sierra County, CA	2016-10-01	1372.0	1284.0	88.0	6.4	06091	06091
CN0609300000000	06	093	Siskiyou County, CA	2016-10-01	18452.0	17182.0	1270.0	6.9	06093	06093
CN0609500000000	06	095	Solano County, CA	2016-10-01	212117.0	200792.0	11325.0	5.3	06095	06095
CN0609700000000	06	097	Sonoma County, CA	2016-10-01	265958.0	255705.0	10253.0	3.9	06097	06097
CN0609900000000	06	099	Stanislaus County, CA	2016-10-01	247704.0	228346.0	19358.0	7.8	06099	06099
CN0610100000000	06	101	Sutter County, CA	2016-10-01	44561.0	40819.0	3742.0	8.4	06101	06101
CN0610300000000	06	103	Tehama County, CA	2016-10-01	25860.0	24267.0	1593.0	6.2	06103	06103
CN0610500000000	06	105	Trinity County, CA	2016-10-01	5416.0	5107.0	309.0	5.7	06105	06105
CN0610700000000	06	107	Tulare County, CA	2016-10-01	203983.0	181975.0	22008.0	10.8	06107	06107
CN0610900000000	06	109	Tuolumne County, CA	2016-10-01	21887.0	20627.0	1260.0	5.8	06109	06109
CN0611100000000	06	111	Ventura County, CA	2016-10-01	435558.0	412308.0	23250.0	5.3	06111	06111
CN0611300000000	06	113	Yolo County, CA	2016-10-01	105914.0	100217.0	5697.0	5.4	06113	06113
CN0611500000000	06	115	Yuba County, CA	2016-10-01	28329.0	26110.0	2219.0	7.8	06115	06115
CN0600100000000	06	001	Alameda County, CA	2016-11-01	842106.0	808624.0	33482.0	4.0	06001	06001
CN0600300000000	06	003	Alpine County, CA	2016-11-01	499.0	462.0	37.0	7.4	06003	06003
CN0600500000000	06	005	Amador County, CA	2016-11-01	14862.0	14047.0	815.0	5.5	06005	06005
CN0600700000000	06	007	Butte County, CA	2016-11-01	104098.0	97975.0	6123.0	5.9	06007	06007
CN0600900000000	06	009	Calaveras County, CA	2016-11-01	20633.0	19525.0	1108.0	5.4	06009	06009
CN0601100000000	06	011	Colusa County, CA	2016-11-01	10985.0	9302.0	1683.0	15.3	06011	06011
CN0601300000000	06	013	Contra Costa County, CA	2016-11-01	560451.0	537361.0	23090.0	4.1	06013	06013
CN0601500000000	06	015	Del Norte County, CA	2016-11-01	9682.0	8980.0	702.0	7.3	06015	06015
CN0601700000000	06	017	El Dorado County, CA	2016-11-01	91249.0	86932.0	4317.0	4.7	06017	06017
CN0601900000000	06	019	Fresno County, CA	2016-11-01	445079.0	403606.0	41473.0	9.3	06019	06019
CN0602100000000	06	021	Glenn County, CA	2016-11-01	13194.0	12247.0	947.0	7.2	06021	06021
CN0602300000000	06	023	Humboldt County, CA	2016-11-01	62921.0	60120.0	2801.0	4.5	06023	06023
CN0602500000000	06	025	Imperial County, CA	2016-11-01	80227.0	62496.0	17731.0	22.1	06025	06025
CN0602700000000	06	027	Inyo County, CA	2016-11-01	9155.0	8718.0	437.0	4.8	06027	06027
CN0602900000000	06	029	Kern County, CA	2016-11-01	398622.0	362156.0	36466.0	9.1	06029	06029
CN0603100000000	06	031	Kings County, CA	2016-11-01	57916.0	52529.0	5387.0	9.3	06031	06031
CN0603300000000	06	033	Lake County, CA	2016-11-01	29515.0	27564.0	1951.0	6.6	06033	06033
CN0603500000000	06	035	Lassen County, CA	2016-11-01	10929.0	10263.0	666.0	6.1	06035	06035
CN0603700000000	06	037	Los Angeles County, CA	2016-11-01	5067615.0	4823796.0	243819.0	4.8	06037	06037
CN0603900000000	06	039	Madera County, CA	2016-11-01	60192.0	54807.0	5385.0	8.9	06039	06039
CN0604100000000	06	041	Marin County, CA	2016-11-01	144996.0	140602.0	4394.0	3.0	06041	06041
CN0604300000000	06	043	Mariposa County, CA	2016-11-01	7603.0	7121.0	482.0	6.3	06043	06043
CN0604500000000	06	045	Mendocino County, CA	2016-11-01	39939.0	37894.0	2045.0	5.1	06045	06045
CN0604700000000	06	047	Merced County, CA	2016-11-01	115574.0	104732.0	10842.0	9.4	06047	06047
CN0604900000000	06	049	Modoc County, CA	2016-11-01	3250.0	2995.0	255.0	7.8	06049	06049
CN0605100000000	06	051	Mono County, CA	2016-11-01	8332.0	7846.0	486.0	5.8	06051	06051
CN0605300000000	06	053	Monterey County, CA	2016-11-01	221602.0	207067.0	14535.0	6.6	06053	06053
CN0605500000000	06	055	Napa County, CA	2016-11-01	75919.0	72735.0	3184.0	4.2	06055	06055
CN0605700000000	06	057	Nevada County, CA	2016-11-01	48721.0	46525.0	2196.0	4.5	06057	06057
CN0605900000000	06	059	Orange County, CA	2016-11-01	1635008.0	1574526.0	60482.0	3.7	06059	06059
CN0606100000000	06	061	Placer County, CA	2016-11-01	182734.0	175209.0	7525.0	4.1	06061	06061
CN0606300000000	06	063	Plumas County, CA	2016-11-01	7837.0	7164.0	673.0	8.6	06063	06063
CN0606500000000	06	065	Riverside County, CA	2016-11-01	1062541.0	1002311.0	60230.0	5.7	06065	06065
CN0606700000000	06	067	Sacramento County, CA	2016-11-01	706058.0	670820.0	35238.0	5.0	06067	06067
CN0606900000000	06	069	San Benito County, CA	2016-11-01	30541.0	28751.0	1790.0	5.9	06069	06069
CN0607100000000	06	071	San Bernardino County, CA	2016-11-01	952079.0	901770.0	50309.0	5.3	06071	06071
CN0607300000000	06	073	San Diego County, CA	2016-11-01	1593786.0	1524571.0	69215.0	4.3	06073	06073
CN0607500000000	06	075	San Francisco County/city, CA	2016-11-01	564153.0	546575.0	17578.0	3.1	06075	06075
CN0607700000000	06	077	San Joaquin County, CA	2016-11-01	317583.0	293017.0	24566.0	7.7	06077	06077
CN0607900000000	06	079	San Luis Obispo County, CA	2016-11-01	145314.0	139762.0	5552.0	3.8	06079	06079
CN0608100000000	06	081	San Mateo County, CA	2016-11-01	454570.0	441728.0	12842.0	2.8	06081	06081
CN0608300000000	06	083	Santa Barbara County, CA	2016-11-01	224531.0	214116.0	10415.0	4.6	06083	06083
CN0608500000000	06	085	Santa Clara County, CA	2016-11-01	1058777.0	1022062.0	36715.0	3.5	06085	06085
CN0608700000000	06	087	Santa Cruz County, CA	2016-11-01	146497.0	137572.0	8925.0	6.1	06087	06087
CN0608900000000	06	089	Shasta County, CA	2016-11-01	74435.0	69654.0	4781.0	6.4	06089	06089
CN0609100000000	06	091	Sierra County, CA	2016-11-01	1319.0	1233.0	86.0	6.5	06091	06091
CN0609300000000	06	093	Siskiyou County, CA	2016-11-01	17870.0	16483.0	1387.0	7.8	06093	06093
CN0609500000000	06	095	Solano County, CA	2016-11-01	211562.0	200730.0	10832.0	5.1	06095	06095
CN0609700000000	06	097	Sonoma County, CA	2016-11-01	261753.0	252067.0	9686.0	3.7	06097	06097
CN0609900000000	06	099	Stanislaus County, CA	2016-11-01	245805.0	226467.0	19338.0	7.9	06099	06099
CN0610100000000	06	101	Sutter County, CA	2016-11-01	44257.0	40128.0	4129.0	9.3	06101	06101
CN0610300000000	06	103	Tehama County, CA	2016-11-01	24957.0	23369.0	1588.0	6.4	06103	06103
CN0610500000000	06	105	Trinity County, CA	2016-11-01	5264.0	4927.0	337.0	6.4	06105	06105
CN0610700000000	06	107	Tulare County, CA	2016-11-01	201507.0	179722.0	21785.0	10.8	06107	06107
CN0610900000000	06	109	Tuolumne County, CA	2016-11-01	21696.0	20466.0	1230.0	5.7	06109	06109
CN0611100000000	06	111	Ventura County, CA	2016-11-01	433326.0	411461.0	21865.0	5.0	06111	06111
CN0611300000000	06	113	Yolo County, CA	2016-11-01	105646.0	99853.0	5793.0	5.5	06113	06113
CN0611500000000	06	115	Yuba County, CA	2016-11-01	28186.0	25961.0	2225.0	7.9	06115	06115
CN0600100000000	06	001	Alameda County, CA	2016-12-01	836075.0	804359.0	31716.0	3.8	06001	06001
CN0600300000000	06	003	Alpine County, CA	2016-12-01	606.0	577.0	29.0	4.8	06003	06003
CN0600500000000	06	005	Amador County, CA	2016-12-01	14721.0	13882.0	839.0	5.7	06005	06005
CN0600700000000	06	007	Butte County, CA	2016-12-01	102809.0	96366.0	6443.0	6.3	06007	06007
CN0600900000000	06	009	Calaveras County, CA	2016-12-01	20446.0	19332.0	1114.0	5.4	06009	06009
CN0601100000000	06	011	Colusa County, CA	2016-12-01	10680.0	8595.0	2085.0	19.5	06011	06011
CN0601300000000	06	013	Contra Costa County, CA	2016-12-01	556513.0	534456.0	22057.0	4.0	06013	06013
CN0601500000000	06	015	Del Norte County, CA	2016-12-01	9525.0	8864.0	661.0	6.9	06015	06015
CN0601700000000	06	017	El Dorado County, CA	2016-12-01	90503.0	86238.0	4265.0	4.7	06017	06017
CN0601900000000	06	019	Fresno County, CA	2016-12-01	441174.0	399223.0	41951.0	9.5	06019	06019
CN0602100000000	06	021	Glenn County, CA	2016-12-01	12956.0	11841.0	1115.0	8.6	06021	06021
CN0602300000000	06	023	Humboldt County, CA	2016-12-01	62101.0	59328.0	2773.0	4.5	06023	06023
CN0602500000000	06	025	Imperial County, CA	2016-12-01	76954.0	62504.0	14450.0	18.8	06025	06025
CN0602700000000	06	027	Inyo County, CA	2016-12-01	8997.0	8562.0	435.0	4.8	06027	06027
CN0602900000000	06	029	Kern County, CA	2016-12-01	391410.0	352540.0	38870.0	9.9	06029	06029
CN0603100000000	06	031	Kings County, CA	2016-12-01	57351.0	51668.0	5683.0	9.9	06031	06031
CN0603300000000	06	033	Lake County, CA	2016-12-01	29260.0	27276.0	1984.0	6.8	06033	06033
CN0603500000000	06	035	Lassen County, CA	2016-12-01	10866.0	10134.0	732.0	6.7	06035	06035
CN0603700000000	06	037	Los Angeles County, CA	2016-12-01	5047898.0	4810394.0	237504.0	4.7	06037	06037
CN0603900000000	06	039	Madera County, CA	2016-12-01	60898.0	55146.0	5752.0	9.4	06039	06039
CN0604100000000	06	041	Marin County, CA	2016-12-01	144390.0	140212.0	4178.0	2.9	06041	06041
CN0604300000000	06	043	Mariposa County, CA	2016-12-01	7456.0	6917.0	539.0	7.2	06043	06043
CN0604500000000	06	045	Mendocino County, CA	2016-12-01	39716.0	37613.0	2103.0	5.3	06045	06045
CN0604700000000	06	047	Merced County, CA	2016-12-01	115304.0	102861.0	12443.0	10.8	06047	06047
CN0604900000000	06	049	Modoc County, CA	2016-12-01	3199.0	2913.0	286.0	8.9	06049	06049
CN0605100000000	06	051	Mono County, CA	2016-12-01	9091.0	8702.0	389.0	4.3	06051	06051
CN0605300000000	06	053	Monterey County, CA	2016-12-01	209470.0	188750.0	20720.0	9.9	06053	06053
CN0605500000000	06	055	Napa County, CA	2016-12-01	73792.0	70530.0	3262.0	4.4	06055	06055
CN0605700000000	06	057	Nevada County, CA	2016-12-01	48692.0	46537.0	2155.0	4.4	06057	06057
CN0605900000000	06	059	Orange County, CA	2016-12-01	1620416.0	1563493.0	56923.0	3.5	06059	06059
CN0606100000000	06	061	Placer County, CA	2016-12-01	181146.0	173825.0	7321.0	4.0	06061	06061
CN0606300000000	06	063	Plumas County, CA	2016-12-01	7735.0	6916.0	819.0	10.6	06063	06063
CN0606500000000	06	065	Riverside County, CA	2016-12-01	1059440.0	1002934.0	56506.0	5.3	06065	06065
CN0606700000000	06	067	Sacramento County, CA	2016-12-01	700128.0	665513.0	34615.0	4.9	06067	06067
CN0606900000000	06	069	San Benito County, CA	2016-12-01	30424.0	28489.0	1935.0	6.4	06069	06069
CN0607100000000	06	071	San Bernardino County, CA	2016-12-01	949407.0	901695.0	47712.0	5.0	06071	06071
CN0607300000000	06	073	San Diego County, CA	2016-12-01	1579420.0	1513869.0	65551.0	4.2	06073	06073
CN0607500000000	06	075	San Francisco County/city, CA	2016-12-01	559880.0	543340.0	16540.0	3.0	06075	06075
CN0607700000000	06	077	San Joaquin County, CA	2016-12-01	314577.0	289395.0	25182.0	8.0	06077	06077
CN0607900000000	06	079	San Luis Obispo County, CA	2016-12-01	140922.0	135467.0	5455.0	3.9	06079	06079
CN0608100000000	06	081	San Mateo County, CA	2016-12-01	451299.0	439123.0	12176.0	2.7	06081	06081
CN0608300000000	06	083	Santa Barbara County, CA	2016-12-01	221882.0	210370.0	11512.0	5.2	06083	06083
CN0608500000000	06	085	Santa Clara County, CA	2016-12-01	1050298.0	1015534.0	34764.0	3.3	06085	06085
CN0608700000000	06	087	Santa Cruz County, CA	2016-12-01	144284.0	133475.0	10809.0	7.5	06087	06087
CN0608900000000	06	089	Shasta County, CA	2016-12-01	73834.0	68875.0	4959.0	6.7	06089	06089
CN0609100000000	06	091	Sierra County, CA	2016-12-01	1288.0	1178.0	110.0	8.5	06091	06091
CN0609300000000	06	093	Siskiyou County, CA	2016-12-01	17674.0	16055.0	1619.0	9.2	06093	06093
CN0609500000000	06	095	Solano County, CA	2016-12-01	210078.0	199379.0	10699.0	5.1	06095	06095
CN0609700000000	06	097	Sonoma County, CA	2016-12-01	260141.0	250641.0	9500.0	3.7	06097	06097
CN0609900000000	06	099	Stanislaus County, CA	2016-12-01	244139.0	223938.0	20201.0	8.3	06099	06099
CN0610100000000	06	101	Sutter County, CA	2016-12-01	43973.0	39380.0	4593.0	10.4	06101	06101
CN0610300000000	06	103	Tehama County, CA	2016-12-01	24537.0	22839.0	1698.0	6.9	06103	06103
CN0610500000000	06	105	Trinity County, CA	2016-12-01	5201.0	4858.0	343.0	6.6	06105	06105
CN0610700000000	06	107	Tulare County, CA	2016-12-01	200655.0	177518.0	23137.0	11.5	06107	06107
CN0610900000000	06	109	Tuolumne County, CA	2016-12-01	21471.0	20179.0	1292.0	6.0	06109	06109
CN0611100000000	06	111	Ventura County, CA	2016-12-01	429256.0	408529.0	20727.0	4.8	06111	06111
CN0611300000000	06	113	Yolo County, CA	2016-12-01	105108.0	98992.0	6116.0	5.8	06113	06113
CN0611500000000	06	115	Yuba County, CA	2016-12-01	28094.0	25643.0	2451.0	8.7	06115	06115
